{"cameraMode":{"drawMode":0,"name":"Shaded","section":"Shading Mode"},"sceneLighting":true,"audioPlay":false,"sceneViewState":{"m_AlwaysRefresh":false,"showFog":true,"showSkybox":true,"showFlares":true,"showImageEffects":true,"showParticleSystems":true,"showVisualEffectGraphs":true,"m_FxEnabled":true},"in2DMode":false,"pivot":{"x":311.1402893066406,"y":109.32341003417969,"z":-184.23231506347657},"rotation":{"x":-0.6332130432128906,"y":0.025135239586234094,"z":-0.006342696957290173,"w":-0.7720109820365906},"size":1.658312439918518,"orthographic":false}